Question,Choices_1,Choices_2,Choices_3,Choices_4,Choices_5,Choices_6,Choices_7,Choices_8,Choices_9,Choices_10,Choices_11,Choices_12,Choices_13,Choices_14,Choices_15
weadfasdf 2,fsadfda,fadsfads,hgdhgd,sdfgsdf,ghdhg,sfdgsdf,sfdgsfdg,fsgsdg,gsfdgsdfg,gdsfgd,hgshgfh,trewt,fsgsdfg,fdsgdsfg,gfdsgdsf
,TRUE,,TRUE,,TRUE,TRUE,,TRUE,,TRUE,,TRUE,,TRUE,
fdaf23,fadf35,adfadf6,adfa1,adfasd5,asdfadsf7,adag7,afdsafdas9ad,dafdasfads7,fadsf1,adfasdf1,dafsdaf1,fadfadsf2,adfasdf1,dfasdf,2fadf
,,TRUE,,TRUE,,TRUE,TRUE,,TRUE,,TRUE,TRUE,,TRUE,
fdaf23,fadf35,adfadf6,adfa1,adfasd5,asdfadsf7,adag7,afdsafdas9ad,dafdasfads7,fadsf1,adfasdf1,dafsdaf1,fadfadsf2,adfasdf1,dfasdf,2fadf
,,TRUE,TRUE,,TRUE,,,TRUE,,TRUE,TRUE,,,,TRUE
weadfasdf 2,fsadfda,fadsfads,hgdhgd,sdfgsdf,ghdhg,sfdgsdf,sfdgsfdg,fsgsdg,gsfdgsdfg,gdsfgd,hgshgfh,trewt,fsgsdfg,fdsgdsfg,gfdsgdsf
,,TRUE,,TRUE,TRUE,,TRUE,,TRUE,,TRUE,,TRUE,,TRUE
weadfasdf 2,fsadfda,fadsfads,hgdhgd,sdfgsdf,ghdhg,sfdgsdf,sfdgsfdg,fsgsdg,gsfdgsdfg,gdsfgd,hgshgfh,trewt,fsgsdfg,fdsgdsfg,gfdsgdsf
,,TRUE,,TRUE,TRUE,,TRUE,,TRUE,,TRUE,,TRUE,,TRUE
weadfasdf 2,fsadfda,fadsfads,hgdhgd,sdfgsdf,ghdhg,sfdgsdf,sfdgsfdg,fsgsdg,gsfdgsdfg,gdsfgd,hgshgfh,trewt,fsgsdfg,fdsgdsfg,gfdsgdsf
,,TRUE,,TRUE,TRUE,,TRUE,,TRUE,,TRUE,,TRUE,,TRUE
weadfasdf 2,fsadfda,fadsfads,hgdhgd,sdfgsdf,ghdhg,sfdgsdf,sfdgsfdg,fsgsdg,gsfdgsdfg,gdsfgd,hgshgfh,trewt,fsgsdfg,fdsgdsfg,gfdsgdsf
,,TRUE,,TRUE,TRUE,,TRUE,,TRUE,,TRUE,,TRUE,,TRUE
